{"cameraMode":{"drawMode":0,"name":"Shaded","section":"Shading Mode"},"sceneLighting":false,"audioPlay":false,"sceneViewState":{"showFog":true,"showMaterialUpdate":true,"showSkybox":false,"showFlares":true,"showImageEffects":true,"showParticleSystems":true},"in2DMode":false,"pivot":{"x":-0.00017505884170532227,"y":0.8660300970077515,"z":-0.01231047511100769},"rotation":{"x":0.10529040545225144,"y":-0.8936263918876648,"z":0.2840944826602936,"w":0.33118554949760439},"size":3.7359824180603029,"orthographic":false}