{"cameraMode":{"drawMode":0,"name":"Shaded","section":"Shading Mode"},"sceneLighting":true,"audioPlay":false,"sceneViewState":{"showFog":true,"showMaterialUpdate":true,"showSkybox":true,"showFlares":true,"showImageEffects":true,"showParticleSystems":true},"in2DMode":false,"pivot":{"x":-0.00017505884170532227,"y":1.366030216217041,"z":-0.47131046652793887},"rotation":{"x":0.07445596903562546,"y":-0.9181333184242249,"z":0.2075357586145401,"w":0.3293417692184448},"size":5.135611534118652,"orthographic":false}