{"cameraMode":{"drawMode":0,"name":"Shaded","section":"Shading Mode"},"sceneLighting":false,"audioPlay":false,"sceneViewState":{"showFog":true,"showMaterialUpdate":true,"showSkybox":false,"showFlares":true,"showImageEffects":true,"showParticleSystems":true},"in2DMode":false,"pivot":{"x":0.013593912124633789,"y":1.3709328174591065,"z":2.1423428058624269},"rotation":{"x":-0.04546934366226196,"y":0.9540992975234985,"z":-0.22380636632442475,"w":-0.1938132792711258},"size":4.041635036468506,"orthographic":false}