{"cameraMode":{"drawMode":0,"name":"Shaded","section":"Shading Mode"},"sceneLighting":false,"audioPlay":false,"sceneViewState":{"showFog":true,"showMaterialUpdate":true,"showSkybox":false,"showFlares":true,"showImageEffects":true,"showParticleSystems":true},"in2DMode":false,"pivot":{"x":-0.00017505884170532227,"y":1.366030216217041,"z":-0.47131046652793887},"rotation":{"x":0.05118481442332268,"y":-0.8850598931312561,"z":0.10026278346776962,"w":0.4517132639884949},"size":3.735982894897461,"orthographic":false}